,subject,subsample,chao2,species,shannon,num_h3,ratio,key
0,Human 1,0.1,36770.24336406818,Human,8.226055582522003,3751,0.09938366718027734,cdr3_aa
1,Human 1,0.2,36230.64980581604,Human,8.913602113030795,7459,0.1981031826151639,cdr3_aa
2,Human 1,0.3,36010.41421026775,Human,9.311542125315384,11129,0.29568035704797835,cdr3_aa
3,Human 1,0.4,35911.00449775113,Human,9.59327823318657,14770,0.3919557940598268,cdr3_aa
4,Human 1,0.5,35883.19986936643,Human,9.809474136144653,18376,0.48788587216407203,cdr3_aa
5,Human 1,0.6,35889.6757493188,Human,9.985058984643691,21934,0.5838956484777642,cdr3_aa
6,Human 1,0.7,35886.30487804878,Human,10.133405957341374,25477,0.677115987460815,cdr3_aa
7,Human 1,0.8,35886.0,Human,10.260204688357277,29001,0.7699909675362627,cdr3_aa
8,Human 1,0.9,35886.0,Human,10.371828729163132,32460,0.8619095690983476,cdr3_aa
9,Human 1,1.0,35886.0,Human,10.470547585576666,35886,0.9533499814037512,cdr3_aa
10,Human 10,0.1,30850.52951124641,Human,8.047312233303263,3126,0.09929190613787191,cdr3_aa
11,Human 10,0.2,29939.123466697238,Human,8.731057522115538,6216,0.19750420728415838,cdr3_aa
12,Human 10,0.3,29760.927718130955,Human,9.129684881728442,9281,0.2943193725589814,cdr3_aa
13,Human 10,0.4,29720.363715529755,Human,9.408871808983495,12283,0.3900231797542311,cdr3_aa
14,Human 10,0.5,29719.067544604928,Human,9.624042369251951,15271,0.4851236782777125,cdr3_aa
15,Human 10,0.6,29707.52657807309,Human,9.797843630732283,18244,0.579208077985584,cdr3_aa
16,Human 10,0.7,29706.09574468085,Human,9.944644550181092,21154,0.6715460578541264,cdr3_aa
17,Human 10,0.8,29706.25,Human,10.0702855603599,24055,0.76429682786651,cdr3_aa
18,Human 10,0.9,29706.0,Human,10.18042707607872,26890,0.8537770298161497,cdr3_aa
19,Human 10,1.0,29706.0,Human,10.277767650238292,29706,0.9432572317657892,cdr3_aa
20,Human 2,0.1,46552.70501062521,Human,8.45649096420988,4726,0.0994921076478894,cdr3_aa
21,Human 2,0.2,45509.02867059001,Human,9.143159376590791,9393,0.19786727360856463,cdr3_aa
22,Human 2,0.3,45062.775927027564,Human,9.541515092456708,14012,0.29449326673831955,cdr3_aa
23,Human 2,0.4,45003.89162182936,Human,9.821682605268583,18586,0.39130892921118626,cdr3_aa
24,Human 2,0.5,44962.704130901286,Human,10.03738821287812,23110,0.48698657562538195,cdr3_aa
25,Human 2,0.6,44975.09534368071,Human,10.212550758718894,27607,0.579671661292702,cdr3_aa
26,Human 2,0.7,44970.44545454546,Human,10.359580472921559,31984,0.6742745147625973,cdr3_aa
27,Human 2,0.8,44970.0,Human,10.485563731915478,36348,0.7667067079724347,cdr3_aa
28,Human 2,0.9,44970.0,Human,10.59649834565894,40670,0.8574740258371794,cdr3_aa
29,Human 2,1.0,44970.0,Human,10.694382030608137,44970,0.9477144844155023,cdr3_aa
30,Human 3,0.1,45028.787527839646,Human,8.470401907971809,4784,0.09922763133373366,cdr3_aa
31,Human 3,0.2,44493.665768621235,Human,9.150312663256445,9477,0.1966537593440043,cdr3_aa
32,Human 3,0.3,44205.6468980021,Human,9.543397511563315,14083,0.29147081357546645,cdr3_aa
33,Human 3,0.4,44056.60041797283,Human,9.817999686568552,18657,0.38589443604663204,cdr3_aa
34,Human 3,0.5,44057.731925968765,Human,10.029193631417897,23026,0.47739838071770235,cdr3_aa
35,Human 3,0.6,44043.24004683841,Human,10.199207157490964,27456,0.5681982896071894,cdr3_aa
36,Human 3,0.7,44044.083333333336,Human,10.340370020920442,31727,0.656016399892324,cdr3_aa
37,Human 3,0.8,44044.0,Human,10.4622510713695,35890,0.7429026981135982,cdr3_aa
38,Human 3,0.9,44044.0,Human,10.567750729584123,40013,0.8280289068809145,cdr3_aa
39,Human 3,1.0,44044.0,Human,10.661067175598447,44044,0.912016234236846,cdr3_aa
40,Human 4,0.1,20219.470002520797,Human,7.626575012903838,2057,0.0997433786859052,cdr3_aa
41,Human 4,0.2,20085.61929854872,Human,8.31383539536839,4094,0.1982762794751368,cdr3_aa
42,Human 4,0.3,19861.16614384943,Human,8.714565934736514,6116,0.29632498910569893,cdr3_aa
43,Human 4,0.4,19837.8999571551,Human,8.99667856398804,8129,0.394422117852128,cdr3_aa
44,Human 4,0.5,19841.96437659033,Human,9.214937668446767,10123,0.49004987168934294,cdr3_aa
45,Human 4,0.6,19838.0756097561,Human,9.39187791704022,12112,0.5862586549169612,cdr3_aa
46,Human 4,0.7,19841.014285714286,Human,9.540792523361615,14062,0.679368614729095,cdr3_aa
47,Human 4,0.8,19841.0,Human,9.668045610606228,16013,0.7741732435965719,cdr3_aa
48,Human 4,0.9,19841.0,Human,9.780157302158592,17923,0.8685421004212464,cdr3_aa
49,Human 4,1.0,19841.0,Human,9.880427819945186,19841,0.9606836779160413,cdr3_aa
50,Human 5,0.1,31394.88462809917,Human,8.06397461698222,3180,0.09941885896394426,cdr3_aa
51,Human 5,0.2,30859.15165431006,Human,8.75115536401309,6337,0.19805661438480285,cdr3_aa
52,Human 5,0.3,30538.720609684948,Human,9.14952662103621,9458,0.2950384302943198,cdr3_aa
53,Human 5,0.4,30516.07136788445,Human,9.430648522205939,12553,0.3930513028807099,cdr3_aa
54,Human 5,0.5,30473.20054730258,Human,9.646455760776321,15623,0.48809598200337434,cdr3_aa
55,Human 5,0.6,30468.965986394556,Human,9.822493651948466,18644,0.583734299818784,cdr3_aa
56,Human 5,0.7,30470.09,Human,9.969965933218212,21662,0.6754983440604887,cdr3_aa
57,Human 5,0.8,30470.0,Human,10.096888801463434,24641,0.7683871774042367,cdr3_aa
58,Human 5,0.9,30470.0,Human,10.208086212703085,27550,0.8613072548897082,cdr3_aa
59,Human 5,1.0,30470.0,Human,10.306647939308515,30470,0.9520089983128164,cdr3_aa
60,Human 6,0.1,24628.57798264642,Human,7.789328882943342,2417,0.09943885129559334,cdr3_aa
61,Human 6,0.2,23776.65939524838,Human,8.477477709601136,4798,0.19842383231556363,cdr3_aa
62,Human 6,0.3,23584.998193229363,Human,8.87862075773274,7209,0.2971199867965011,cdr3_aa
63,Human 6,0.4,23520.313037249285,Human,9.163483522981979,9568,0.3953622710018155,cdr3_aa
64,Human 6,0.5,23499.875124875125,Human,9.381268612038019,11925,0.49339825053639214,cdr3_aa
65,Human 6,0.6,23507.62962962963,Human,9.559878748243928,14276,0.5897012708367717,cdr3_aa
66,Human 6,0.7,23506.054054054053,Human,9.709222154541786,16590,0.6848077240468724,cdr3_aa
67,Human 6,0.8,23506.0,Human,9.83898597668321,18912,0.7801617428618584,cdr3_aa
68,Human 6,0.9,23506.0,Human,9.952303482992525,21229,0.8757633272817297,cdr3_aa
69,Human 6,1.0,23506.0,Human,10.05367340747792,23506,0.9698795180722891,cdr3_aa
70,Human 7,0.1,28922.980441868887,Human,7.977025986298817,2926,0.0994052676295667,cdr3_aa
71,Human 7,0.2,28067.177150899523,Human,8.663324504448939,5804,0.19765505522514867,cdr3_aa
72,Human 7,0.3,27678.436896382387,Human,9.060910386422423,8679,0.2937977909940527,cdr3_aa
73,Human 7,0.4,27688.89387818521,Human,9.339630822251074,11466,0.39058623619371285,cdr3_aa
74,Human 7,0.5,27654.820637732508,Human,9.553845407147373,14283,0.4845879354290569,cdr3_aa
75,Human 7,0.6,27656.941176470587,Human,9.727344645035087,16987,0.5778419711129992,cdr3_aa
76,Human 7,0.7,27657.18604651163,Human,9.872580979208887,19722,0.6699405267629567,cdr3_aa
77,Human 7,0.8,27657.0,Human,9.998253940893951,22415,0.7615632965165675,cdr3_aa
78,Human 7,0.9,27657.0,Human,10.107893724912959,25029,0.8517247238742566,cdr3_aa
79,Human 7,1.0,27657.0,Human,10.204847249845324,27657,0.9399150382327952,cdr3_aa
80,Human 8,0.1,33015.716045380876,Human,8.085298708975973,3249,0.09965383083662653,cdr3_aa
81,Human 8,0.2,31991.474508962114,Human,8.773864091375248,6485,0.19823545629997244,cdr3_aa
82,Human 8,0.3,31606.839609483963,Human,9.174613044241488,9685,0.2967864473240817,cdr3_aa
83,Human 8,0.4,31473.503457814662,Human,9.457294110273569,12871,0.394142695217964,cdr3_aa
84,Human 8,0.5,31453.87172774869,Human,9.673680692658298,16018,0.4915602119903195,cdr3_aa
85,Human 8,0.6,31461.242236024846,Human,9.851872364282027,19170,0.587782985632448,cdr3_aa
86,Human 8,0.7,31464.0,Human,10.0009405171909,22274,0.6825353061912202,cdr3_aa
87,Human 8,0.8,31464.0,Human,10.129732998800689,25360,0.7763379591336581,cdr3_aa
88,Human 8,0.9,31464.0,Human,10.24286572320251,28422,0.8709983763747204,cdr3_aa
89,Human 8,1.0,31464.0,Human,10.34293082561,31464,0.9638819961400606,cdr3_aa
90,Human 9,0.1,34656.153710788065,Human,8.148126742825042,3468,0.09946892493182144,cdr3_aa
91,Human 9,0.2,33494.21616735537,Human,8.835045917748616,6895,0.19822018085259077,cdr3_aa
92,Human 9,0.3,33192.38377804327,Human,9.23298700887786,10311,0.2959379933974451,cdr3_aa
93,Human 9,0.4,33112.16292134832,Human,9.515147319583368,13629,0.3920482273575427,cdr3_aa
94,Human 9,0.5,33122.9680608365,Human,9.730186333568241,16990,0.4880149275154299,cdr3_aa
95,Human 9,0.6,33112.30088495575,Human,9.90555464588408,20257,0.5828620640160758,cdr3_aa
96,Human 9,0.7,33112.544444444444,Human,10.052578548568729,23561,0.6754413664417971,cdr3_aa
97,Human 9,0.8,33113.0,Human,10.180153163237986,26753,0.7685660973159179,cdr3_aa
98,Human 9,0.9,33113.0,Human,10.290569109462526,29960,0.8598535955217453,cdr3_aa
99,Human 9,1.0,33113.0,Human,10.389053060572646,33113,0.9505669585187312,cdr3_aa
100,Kymouse 1,0.1,32591.97404393816,Kymouse,8.089736711902678,3271,0.09939548588960782,cdr3_aa
101,Kymouse 1,0.2,31664.907949790795,Kymouse,8.775357084898403,6498,0.19718095932440233,cdr3_aa
102,Kymouse 1,0.3,31492.737857855005,Kymouse,9.170537753246617,9682,0.2945411464503782,cdr3_aa
103,Kymouse 1,0.4,31356.947110141766,Kymouse,9.450997775688094,12889,0.3923266198851727,cdr3_aa
104,Kymouse 1,0.5,31358.688897168406,Kymouse,9.66780423872444,15985,0.4859807406057292,cdr3_aa
105,Kymouse 1,0.6,31341.22964169381,Kymouse,9.8423461694943,19086,0.5809107202527416,cdr3_aa
106,Kymouse 1,0.7,31344.16,Kymouse,9.989137320799838,22234,0.6742610650384276,cdr3_aa
107,Kymouse 1,0.8,31344.0,Kymouse,10.115232459143362,25282,0.7675202770436526,cdr3_aa
108,Kymouse 1,0.9,31344.0,Kymouse,10.227391344030952,28338,0.8605972234879553,cdr3_aa
109,Kymouse 1,1.0,31344.0,Kymouse,10.326396031399446,31344,0.9521552902579058,cdr3_aa
110,Kymouse 2,0.1,55548.714359601276,Kymouse,8.641663678658736,5686,0.09887699138156177,cdr3_aa
111,Kymouse 2,0.2,54375.90303049316,Kymouse,9.320262450396557,11293,0.19616958300687734,cdr3_aa
112,Kymouse 2,0.3,53968.21552226384,Kymouse,9.715519716705435,16797,0.2923478715069209,cdr3_aa
113,Kymouse 2,0.4,53872.74293650794,Kymouse,9.99142609356682,22249,0.38725515800470095,cdr3_aa
114,Kymouse 2,0.5,53854.557508680555,Kymouse,10.205592045448034,27653,0.48078697658222336,cdr3_aa
115,Kymouse 2,0.6,53847.760511882996,Kymouse,10.377826773595316,33009,0.5742317402280839,cdr3_aa
116,Kymouse 2,0.7,53848.42105263158,Kymouse,10.522817219239688,38291,0.665848350309045,cdr3_aa
117,Kymouse 2,0.8,53848.0,Kymouse,10.647870259135894,43487,0.75727343954035,cdr3_aa
118,Kymouse 2,0.9,53848.0,Kymouse,10.757352186114536,48696,0.8480891442500218,cdr3_aa
119,Kymouse 2,1.0,53848.0,Kymouse,10.854836456634013,53848,0.9375467920257683,cdr3_aa
120,Kymouse 3,0.1,95718.41081532575,Kymouse,9.196786737327265,9901,0.09878784855589365,cdr3_aa
121,Kymouse 3,0.2,94335.73661450508,Kymouse,9.874820041162948,19668,0.19576994063949718,cdr3_aa
122,Kymouse 3,0.3,93525.44025096526,Kymouse,10.26903011078009,29219,0.29136529156482266,cdr3_aa
123,Kymouse 3,0.4,93394.58717135931,Kymouse,10.543455570874743,38659,0.38587319798473585,cdr3_aa
124,Kymouse 3,0.5,93348.32453957193,Kymouse,10.756406915395434,48019,0.47877487903426946,cdr3_aa
125,Kymouse 3,0.6,93334.5663377193,Kymouse,10.92722609004034,57303,0.5712675213248866,cdr3_aa
126,Kymouse 3,0.7,93333.3954248366,Kymouse,11.071779263019438,66408,0.6616950167107298,cdr3_aa
127,Kymouse 3,0.8,93334.0,Kymouse,11.194910003597593,75508,0.7532398862672719,cdr3_aa
128,Kymouse 3,0.9,93334.0,Kymouse,11.303736374503956,84465,0.8424502419314611,cdr3_aa
129,Kymouse 3,1.0,93334.0,Kymouse,11.400212352752586,93334,0.9311517932857785,cdr3_aa
130,Kymouse 4,0.1,53311.2320817444,Kymouse,8.588679985365705,5388,0.0994408871994538,cdr3_aa
131,Kymouse 4,0.2,52238.82237270478,Kymouse,9.272723040037928,10702,0.19718413817282676,cdr3_aa
132,Kymouse 4,0.3,51765.501453612655,Kymouse,9.671378009659946,15986,0.2944291698189803,cdr3_aa
133,Kymouse 4,0.4,51642.03333333333,Kymouse,9.95136707252385,21163,0.3904932371339472,cdr3_aa
134,Kymouse 4,0.5,51613.19632319564,Kymouse,10.166270497860241,26367,0.48620670566309304,cdr3_aa
135,Kymouse 4,0.6,51610.128759398496,Kymouse,10.34088293943821,31499,0.5808683778347757,cdr3_aa
136,Kymouse 4,0.7,51603.27272727273,Kymouse,10.489359898333154,36547,0.6751609986529625,cdr3_aa
137,Kymouse 4,0.8,51603.0,Kymouse,10.615319400358525,41616,0.7675899101359954,cdr3_aa
138,Kymouse 4,0.9,51603.0,Kymouse,10.726773496607509,46611,0.8604063255401989,cdr3_aa
139,Kymouse 4,1.0,51603.0,Kymouse,10.825943583339164,51603,0.9522078497222889,cdr3_aa
140,Kymouse 5,0.1,31760.143392767874,Kymouse,8.060517943102594,3172,0.09920075223319229,cdr3_aa
141,Kymouse 5,0.2,30787.38207959764,Kymouse,8.746929879210303,6324,0.19771195737345243,cdr3_aa
142,Kymouse 5,0.3,30658.753886010363,Kymouse,9.143816706049197,9412,0.29553361542078044,cdr3_aa
143,Kymouse 5,0.4,30562.69061791383,Kymouse,9.425417836950148,12531,0.3918508070835292,cdr3_aa
144,Kymouse 5,0.5,30568.885542168675,Kymouse,9.642718094513715,15592,0.4878859112991694,cdr3_aa
145,Kymouse 5,0.6,30558.74025974026,Kymouse,9.818229942779869,18596,0.5839210155148096,cdr3_aa
146,Kymouse 5,0.7,30560.052631578947,Kymouse,9.966364003825875,21645,0.6782322519981194,cdr3_aa
147,Kymouse 5,0.8,30560.0,Kymouse,10.09414780136808,24642,0.7717285691897822,cdr3_aa
148,Kymouse 5,0.9,30560.0,Kymouse,10.206037018171198,27601,0.8649114558846576,cdr3_aa
149,Kymouse 5,1.0,30560.0,Kymouse,10.305671744789532,30560,0.9578435981821031,cdr3_aa
150,Kymouse 6,0.1,74618.02795973247,Kymouse,8.951823503453069,7764,0.09890306350483341,cdr3_aa
151,Kymouse 6,0.2,73810.76622087802,Kymouse,9.631711952014395,15358,0.19638866541521408,cdr3_aa
152,Kymouse 6,0.3,72896.79547132661,Kymouse,10.025015667757348,22871,0.29189492906307063,cdr3_aa
153,Kymouse 6,0.4,72811.33088770312,Kymouse,10.300778568111244,30266,0.38616251005631536,cdr3_aa
154,Kymouse 6,0.5,72751.26457919151,Kymouse,10.512098983287082,37550,0.4797660549872939,cdr3_aa
155,Kymouse 6,0.6,72744.29824561403,Kymouse,10.683157348777037,44728,0.5712753323372792,cdr3_aa
156,Kymouse 6,0.7,72738.33333333333,Kymouse,10.828020918223025,51860,0.662656910444521,cdr3_aa
157,Kymouse 6,0.8,72738.125,Kymouse,10.950971644952727,58806,0.752467787866018,cdr3_aa
158,Kymouse 6,0.9,72738.0,Kymouse,11.059672114944158,65889,0.8412187615727439,cdr3_aa
159,Kymouse 6,1.0,72738.0,Kymouse,11.15544008616031,72738,0.9288587518676015,cdr3_aa
160,Kymouse 7,0.1,56206.264960075154,Kymouse,8.644358452606175,5698,0.09911775453738668,cdr3_aa
161,Kymouse 7,0.2,54735.77001250782,Kymouse,9.32672825464585,11327,0.19722623418657664,cdr3_aa
162,Kymouse 7,0.3,54413.412676172426,Kymouse,9.723683197990255,16877,0.2932813614770216,cdr3_aa
163,Kymouse 7,0.4,54247.8266192733,Kymouse,10.000377319952621,22355,0.3890580681086537,cdr3_aa
164,Kymouse 7,0.5,54212.790585129784,Kymouse,10.21558993562832,27764,0.4840865192197261,cdr3_aa
165,Kymouse 7,0.6,54208.472641509434,Kymouse,10.389417872627709,33198,0.5770790192632294,cdr3_aa
166,Kymouse 7,0.7,54210.72023809524,Kymouse,10.535005683688457,38436,0.6701063218890841,cdr3_aa
167,Kymouse 7,0.8,54210.0,Kymouse,10.661249497548976,43754,0.7620547444620391,cdr3_aa
168,Kymouse 7,0.9,54210.0,Kymouse,10.770551853000338,49015,0.8525414585762263,cdr3_aa
169,Kymouse 7,1.0,54210.0,Kymouse,10.868708199320208,54210,0.9433239946404023,cdr3_aa
170,Mouse 1,0.1,82907.69629424097,Mouse,9.058569603806935,8628,0.0989130934326026,cdr3_aa
171,Mouse 1,0.2,81387.9372256921,Mouse,9.740591657704378,17095,0.19652787352359943,cdr3_aa
172,Mouse 1,0.3,80958.0796323364,Mouse,10.135304171145778,25464,0.29238476032905925,cdr3_aa
173,Mouse 1,0.4,80745.56252683555,Mouse,10.410884800072187,33697,0.3870352497816995,cdr3_aa
174,Mouse 1,0.5,80738.03884075291,Mouse,10.62398099341043,41848,0.4802725309067512,cdr3_aa
175,Mouse 1,0.6,80745.05563186813,Mouse,10.795475298161946,49732,0.5722229881887955,cdr3_aa
176,Mouse 1,0.7,80740.3375,Mouse,10.93913094206118,57650,0.6626913001516613,cdr3_aa
177,Mouse 1,0.8,80740.0,Mouse,11.0627467402775,65445,0.7520106622546993,cdr3_aa
178,Mouse 1,0.9,80740.0,Mouse,11.170487342010729,73127,0.8403993749712763,cdr3_aa
179,Mouse 1,1.0,80740.0,Mouse,11.266222996544727,80740,0.9276621168252217,cdr3_aa
180,Mouse 2,0.1,39946.46091370558,Mouse,8.36433385810658,4316,0.0986359585989444,cdr3_aa
181,Mouse 2,0.2,39050.03726406774,Mouse,9.039132723823714,8514,0.19462151849567025,cdr3_aa
182,Mouse 2,0.3,38998.299291837495,Mouse,9.426147788362796,12598,0.2886192793657322,cdr3_aa
183,Mouse 2,0.4,38808.286090495574,Mouse,9.694960543456798,16644,0.3791669522699751,cdr3_aa
184,Mouse 2,0.5,38800.25234584451,Mouse,9.90233592939505,20521,0.46861790846985174,cdr3_aa
185,Mouse 2,0.6,38808.02602739726,Mouse,10.068471249389814,24330,0.5545730801745608,cdr3_aa
186,Mouse 2,0.7,38807.2,Mouse,10.205810819796604,28038,0.6397514108803436,cdr3_aa
187,Mouse 2,0.8,38808.0,Mouse,10.323305733484151,31770,0.7247012589393835,cdr3_aa
188,Mouse 2,0.9,38808.0,Mouse,10.42543283807439,35307,0.8057669020037929,cdr3_aa
189,Mouse 2,1.0,38808.0,Mouse,10.516030642343408,38808,0.8866954554801563,cdr3_aa
190,Mouse 3,0.1,61027.571235679214,Mouse,8.78827004212725,6602,0.09859028597910095,cdr3_aa
191,Mouse 3,0.2,60689.46967194441,Mouse,9.465266828443598,13038,0.19547635776538652,cdr3_aa
192,Mouse 3,0.3,60281.000342465755,Mouse,9.852406000835241,19354,0.2892529861121493,cdr3_aa
193,Mouse 3,0.4,60256.37857577602,Mouse,10.124678618158246,25505,0.38150479123376135,cdr3_aa
194,Mouse 3,0.5,60226.77936311001,Mouse,10.333882352822693,31649,0.4722317731302229,cdr3_aa
195,Mouse 3,0.6,60228.80672268908,Mouse,10.50038680753407,37510,0.5600884995440479,cdr3_aa
196,Mouse 3,0.7,60225.63043478261,Mouse,10.639471614094052,43278,0.6470333218722437,cdr3_aa
197,Mouse 3,0.8,60224.0,Mouse,10.759569477444042,49000,0.733694108501637,cdr3_aa
198,Mouse 3,0.9,60224.0,Mouse,10.863430591225299,54709,0.8183068482501906,cdr3_aa
199,Mouse 3,1.0,60224.0,Mouse,10.95572092706877,60224,0.9003034697202996,cdr3_aa
200,Mouse 4,0.1,17851.570473537606,Mouse,7.580849982460217,1967,0.09842205133326676,cdr3_aa
201,Mouse 4,0.2,17806.227449455677,Mouse,8.25435458383372,3913,0.19464695895336062,cdr3_aa
202,Mouse 4,0.3,17758.55766213389,Mouse,8.644367826685151,5768,0.28872465794467195,cdr3_aa
203,Mouse 4,0.4,17737.165870488323,Mouse,8.911054657468155,7576,0.37850793967841806,cdr3_aa
204,Mouse 4,0.5,17704.623395149785,Mouse,9.117484743699695,9415,0.46674323379606514,cdr3_aa
205,Mouse 4,0.6,17709.13157894737,Mouse,9.282087454956388,11101,0.5548786577449316,cdr3_aa
206,Mouse 4,0.7,17711.015625,Mouse,9.420272015415676,12787,0.6387695995206232,cdr3_aa
207,Mouse 4,0.8,17711.0,Mouse,9.537496217564192,14491,0.7233096973933886,cdr3_aa
208,Mouse 4,0.9,17711.0,Mouse,9.639658804864053,16080,0.8027064815739539,cdr3_aa
209,Mouse 4,1.0,17711.0,Mouse,9.72948612511505,17711,0.8844002796364726,cdr3_aa
210,Mouse 5,0.1,46776.56076198818,Mouse,8.511471576963032,4987,0.09866482049253289,cdr3_aa
211,Mouse 5,0.2,46071.98181264744,Mouse,9.186222428422074,9859,0.19485708634160814,cdr3_aa
212,Mouse 5,0.3,45679.509387755104,Mouse,9.576971936338099,14634,0.28936801503313225,cdr3_aa
213,Mouse 5,0.4,45644.29303772071,Mouse,9.849018337202777,19273,0.3825140935614677,cdr3_aa
214,Mouse 5,0.5,45594.35980551053,Mouse,10.056103141455262,23876,0.4725150825833251,cdr3_aa
215,Mouse 5,0.6,45594.38543897216,Mouse,10.224191421483761,28363,0.5622193650479675,cdr3_aa
216,Mouse 5,0.7,45594.45070422535,Mouse,10.36464174759254,32830,0.6496093363663337,cdr3_aa
217,Mouse 5,0.8,45594.0,Mouse,10.48387896217318,37122,0.7344080704183562,cdr3_aa
218,Mouse 5,0.9,45594.0,Mouse,10.587689220644181,41373,0.8182375630501434,cdr3_aa
219,Mouse 5,1.0,45594.0,Mouse,10.68032500828283,45594,0.9018692513104539,cdr3_aa
0,Human 1,0.1,36486.72498590755,Human,8.226571207417212,3746,0.0995961957388024,clone_id
1,Human 1,0.2,35940.47403027436,Human,8.911309243756182,7436,0.19805005047553265,clone_id
2,Human 1,0.3,35826.42943674285,Human,9.308888715537913,11119,0.2953881302800064,clone_id
3,Human 1,0.4,35702.1798870334,Human,9.589904600838135,14741,0.39184952978056425,clone_id
4,Human 1,0.5,35696.48521505376,Human,9.805258730593225,18329,0.48661070081292174,clone_id
5,Human 1,0.6,35697.0279329609,Human,9.980932117101744,21881,0.5809202486584135,clone_id
6,Human 1,0.7,35695.82653061225,Human,10.12807856347391,25368,0.6741937197810955,clone_id
7,Human 1,0.8,35695.0,Human,10.253889888462936,28841,0.7672015302056214,clone_id
8,Human 1,0.9,35695.0,Human,10.365128303896336,32310,0.8575792997183996,clone_id
9,Human 1,1.0,35695.0,Human,10.463307887459424,35695,0.9482758620689655,clone_id
10,Human 10,0.1,29928.873112033194,Human,8.045947510369166,3132,0.09929190613787191,clone_id
11,Human 10,0.2,29781.1875,Human,8.729898781958944,6217,0.19680563934842663,clone_id
12,Human 10,0.3,29642.633359013867,Human,9.12635184192698,9256,0.2943193725589814,clone_id
13,Human 10,0.4,29507.92266824085,Human,9.4060518426858,12261,0.389388117994475,clone_id
14,Human 10,0.5,29531.677822580645,Human,9.618851098281649,15222,0.48340901152637095,clone_id
15,Human 10,0.6,29523.204379562045,Human,9.792748526508793,18157,0.5773981519702791,clone_id
16,Human 10,0.7,29523.32051282051,Human,9.939011003073706,21059,0.6694821071349188,clone_id
17,Human 10,0.8,29523.0,Human,10.063415422511913,23900,0.7595338646683389,clone_id
18,Human 10,0.9,29523.0,Human,10.172491669337228,26734,0.8486647826501127,clone_id
19,Human 10,1.0,29523.0,Human,10.269402294992801,29523,0.9374464166640206,clone_id
20,Human 2,0.1,45841.41499888815,Human,8.456742879933934,4716,0.09940781016206192,clone_id
21,Human 2,0.2,45380.88320389828,Human,9.14133861105799,9374,0.19742471180797033,clone_id
22,Human 2,0.3,44811.51800442567,Human,9.538743975485119,14013,0.2945564898526901,clone_id
23,Human 2,0.4,44727.98082538447,Human,9.818490941868118,18562,0.3906766980674801,clone_id
24,Human 2,0.5,44713.27686852155,Human,10.033603884966931,23038,0.4842469073359887,clone_id
25,Human 2,0.6,44700.78920570265,Human,10.20754750902887,27467,0.5792501738635645,clone_id
26,Human 2,0.7,44705.4375,Human,10.352965093459959,31887,0.670712945986386,clone_id
27,Human 2,0.8,44705.0,Human,10.479036923168582,36197,0.7633980316537059,clone_id
28,Human 2,0.9,44705.0,Human,10.588701064038357,40475,0.8524793998019009,clone_id
29,Human 2,1.0,44705.0,Human,10.686271331910248,44705,0.9421297759794314,clone_id
30,Human 3,0.1,44479.20639147803,Human,8.468919943618227,4781,0.09893773424719939,clone_id
31,Human 3,0.2,44144.42443131223,Human,9.147362527158801,9480,0.19586689582341127,clone_id
32,Human 3,0.3,43861.84391534392,Human,9.539008098490372,14061,0.29076677779388316,clone_id
33,Human 3,0.4,43727.222945484136,Human,9.812923216512193,18520,0.3843000020706935,clone_id
34,Human 3,0.5,43666.4682304038,Human,10.022234774740697,22977,0.4743958751785973,clone_id
35,Human 3,0.6,43658.79347826087,Human,10.191326864730224,27279,0.5643053858737291,clone_id
36,Human 3,0.7,43657.941860465115,Human,10.33276095455901,31521,0.6523098585716356,clone_id
37,Human 3,0.8,43657.0,Human,10.452282603142955,35629,0.7386370695545939,clone_id
38,Human 3,0.9,43657.0,Human,10.557177910212364,39666,0.822562276106268,clone_id
39,Human 3,1.0,43657.0,Human,10.649067415603998,43657,0.9040026504876483,clone_id
40,Human 4,0.1,20185.910513141425,Human,7.626885338504896,2052,0.09935602575896964,clone_id
41,Human 4,0.2,20024.583290532442,Human,8.31307159458795,4101,0.1981794412434029,clone_id
42,Human 4,0.3,19845.517606418543,Human,8.712884651005213,6109,0.2956471214835617,clone_id
43,Human 4,0.4,19757.06976744186,Human,8.993553476865717,8091,0.3921464194063816,clone_id
44,Human 4,0.5,19739.205113636363,Human,9.21013089345728,10101,0.48830678351813295,clone_id
45,Human 4,0.6,19749.917553191488,Human,9.386972950673924,12058,0.5842250520505495,clone_id
46,Human 4,0.7,19745.0,Human,9.53521924479658,14012,0.6782549750641553,clone_id
47,Human 4,0.8,19745.0,Human,9.662751106271017,15957,0.7713165157604223,clone_id
48,Human 4,0.9,19745.0,Human,9.774522222224642,17850,0.8649590858470925,clone_id
49,Human 4,1.0,19745.0,Human,9.873764863382402,19745,0.9560354427928146,clone_id
50,Human 5,0.1,31656.509383378016,Human,8.063091831502028,3187,0.09957507967256139,clone_id
51,Human 5,0.2,30552.908294262113,Human,8.748475146817256,6326,0.19796288195963258,clone_id
52,Human 5,0.3,30284.10287577824,Human,9.146702014780239,9413,0.29519465100293696,clone_id
53,Human 5,0.4,30252.842314237096,Human,9.426476382452476,12526,0.39105167781041056,clone_id
54,Human 5,0.5,30240.801515151514,Human,9.642143343729739,15552,0.4856276948072236,clone_id
55,Human 5,0.6,30238.715133531157,Human,9.81573457947778,18589,0.580734862213335,clone_id
56,Human 5,0.7,30239.223214285714,Human,9.962735385644269,21518,0.6736549396988065,clone_id
57,Human 5,0.8,30240.25,Human,10.087972512424411,24461,0.7649503218146597,clone_id
58,Human 5,0.9,30240.0,Human,10.198696147305853,27384,0.8545585202774479,clone_id
59,Human 5,1.0,30240.0,Human,10.296331882564461,30240,0.9448228457164282,clone_id
60,Human 6,0.1,24146.335587035843,Human,7.788527887439599,2418,0.09972767783462617,clone_id
61,Human 6,0.2,23577.434294192455,Human,8.476237067850118,4802,0.19863013698630136,clone_id
62,Human 6,0.3,23447.37521158548,Human,8.877672369590847,7200,0.29662485558673046,clone_id
63,Human 6,0.4,23463.38215613383,Human,9.160283707231851,9559,0.3939181383066513,clone_id
64,Human 6,0.5,23436.322401614532,Human,9.378970693928471,11937,0.4913352038290147,clone_id
65,Human 6,0.6,23434.062248995982,Human,9.557744276138246,14256,0.5878857897342796,clone_id
66,Human 6,0.7,23436.3125,Human,9.706033268017114,16569,0.6839412444297739,clone_id
67,Human 6,0.8,23436.0,Human,9.83556341656888,18866,0.7782637398910711,clone_id
68,Human 6,0.9,23436.0,Human,9.948658923927487,21162,0.873081366562139,clone_id
69,Human 6,1.0,23436.0,Human,10.049640262425424,23436,0.9669912526819607,clone_id
70,Human 7,0.1,28308.523216206526,Human,7.977874160958917,2922,0.09930331350892098,clone_id
71,Human 7,0.2,27765.552863991925,Human,8.661690681900183,5814,0.19765505522514867,clone_id
72,Human 7,0.3,27648.615104339184,Human,9.057922249696997,8653,0.2932540356839422,clone_id
73,Human 7,0.4,27485.532953105198,Human,9.336007988985614,11468,0.389838572642311,clone_id
74,Human 7,0.5,27505.703587443946,Human,9.550070529815972,14225,0.4833984706881903,clone_id
75,Human 7,0.6,27508.25650557621,Human,9.722917044729233,16945,0.5749872557349193,clone_id
76,Human 7,0.7,27510.235294117647,Human,9.867626625855884,19645,0.667357689039932,clone_id
77,Human 7,0.8,27510.0,Human,9.991844004259967,22319,0.7579609175870858,clone_id
78,Human 7,0.9,27510.0,Human,10.100952259571823,24925,0.8465930331350892,clone_id
79,Human 7,1.0,27510.0,Human,10.197484261823508,27510,0.9349192863211555,clone_id
80,Human 8,0.1,31797.891458793812,Human,8.085043875453708,3250,0.09962319639738995,clone_id
81,Human 8,0.2,31457.649456229137,Human,8.772083066922677,6477,0.19854180069233832,clone_id
82,Human 8,0.3,31342.639299282397,Human,9.171940762417773,9655,0.29602058634316697,clone_id
83,Human 8,0.4,31329.73413474979,Human,9.45318200931602,12852,0.3934074686762859,clone_id
84,Human 8,0.5,31294.580592105263,Human,9.670858459780215,15983,0.4887418435805533,clone_id
85,Human 8,0.6,31290.64331210191,Human,9.847006591096598,19074,0.584719541708789,clone_id
86,Human 8,0.7,31289.21052631579,Human,9.996048369858133,22192,0.6793493245106148,clone_id
87,Human 8,0.8,31289.0,Human,10.1238411034374,25225,0.7731826118922893,clone_id
88,Human 8,0.9,31289.0,Human,10.235957075523032,28282,0.8665563826854149,clone_id
89,Human 8,1.0,31289.0,Human,10.335296101810268,31289,0.9585209692736575,clone_id
90,Human 9,0.1,34073.56719730599,Human,8.148683967087337,3467,0.09926797760872685,clone_id
91,Human 9,0.2,33217.42676767677,Human,8.833409403672466,6895,0.19793311324816995,clone_id
92,Human 9,0.3,33101.83510344828,Human,9.230658700634702,10283,0.29458877565666713,clone_id
93,Human 9,0.4,32963.152287761855,Human,9.510635887101685,13609,0.3902684082101335,clone_id
94,Human 9,0.5,32948.19772403983,Human,9.725560227567504,16933,0.48586192048227356,clone_id
95,Human 9,0.6,32932.78787878788,Human,9.900772101792565,20175,0.5793024257212573,clone_id
96,Human 9,0.7,32930.27777777778,Human,10.048754598358673,23453,0.672685517439357,clone_id
97,Human 9,0.8,32930.0,Human,10.173393450122267,26651,0.7648629252188891,clone_id
98,Human 9,0.9,32930.0,Human,10.283789634567954,29773,0.8558633558202957,clone_id
99,Human 9,1.0,32930.0,Human,10.381460997217772,32930,0.9453136213578298,clone_id
100,Kymouse 1,0.1,31030.382436497326,Kymouse,8.076183349220425,3237,0.09857529086545763,clone_id
101,Kymouse 1,0.2,30487.023838836038,Kymouse,8.74952132274321,6418,0.19472037425195177,clone_id
102,Kymouse 1,0.3,30336.17701081321,Kymouse,9.143736942071026,9521,0.2894680883380419,clone_id
103,Kymouse 1,0.4,30336.96984852815,Kymouse,9.412687116500681,12561,0.3818463501321425,clone_id
104,Kymouse 1,0.5,30315.05785440613,Kymouse,9.626349452676408,15628,0.47477140860901,clone_id
105,Kymouse 1,0.6,30297.727272727272,Kymouse,9.795521656249063,18570,0.5656611683222456,clone_id
106,Kymouse 1,0.7,30301.044444444444,Kymouse,9.935684812002966,21536,0.6556092226373826,clone_id
107,Kymouse 1,0.8,30301.0,Kymouse,10.059185335767673,24524,0.7451927458306753,clone_id
108,Kymouse 1,0.9,30301.0,Kymouse,10.166475947720787,27417,0.8338041860323825,clone_id
109,Kymouse 1,1.0,30301.0,Kymouse,10.261236316882641,30301,0.920471460250919,clone_id
110,Kymouse 2,0.1,54673.18351343597,Kymouse,8.630686470208051,5656,0.09823278488726386,clone_id
111,Kymouse 2,0.2,53305.72581771991,Kymouse,9.307177231928016,11180,0.19451553930530163,clone_id
112,Kymouse 2,0.3,53065.5117104026,Kymouse,9.695558572806714,16596,0.2898232784887264,clone_id
113,Kymouse 2,0.4,53043.42928883849,Kymouse,9.969110678536392,22030,0.38248454774963003,clone_id
114,Kymouse 2,0.5,52966.03276861346,Kymouse,10.178435002224507,27306,0.4749020632018804,clone_id
115,Kymouse 2,0.6,52968.49723756906,Kymouse,10.348987104951204,32522,0.5659789327065379,clone_id
116,Kymouse 2,0.7,52963.642857142855,Kymouse,10.49209068732804,37743,0.6565857055802211,clone_id
117,Kymouse 2,0.8,52964.0,Kymouse,10.614851757739384,42782,0.7459040654653086,clone_id
118,Kymouse 2,0.9,52964.0,Kymouse,10.721916946262274,47939,0.8341603551841211,clone_id
119,Kymouse 2,1.0,52964.0,Kymouse,10.817153602024195,52964,0.9221554801079481,clone_id
120,Kymouse 3,0.1,90503.43327133225,Kymouse,9.112038639003952,9567,0.09538584326831945,clone_id
121,Kymouse 3,0.2,88855.63629147483,Kymouse,9.758010266367311,18824,0.1877986731181723,clone_id
122,Kymouse 3,0.3,87697.67463840009,Kymouse,10.132601750847495,27889,0.2767596149049733,clone_id
123,Kymouse 3,0.4,87596.19971969166,Kymouse,10.391614914891875,36618,0.36528158826757123,clone_id
124,Kymouse 3,0.5,87562.53067226891,Kymouse,10.591523965056222,45512,0.45288571856138077,clone_id
125,Kymouse 3,0.6,87549.70886814469,Kymouse,10.751387128710206,54050,0.5386741158278047,clone_id
126,Kymouse 3,0.7,87545.80476190476,Kymouse,10.887416018876834,62544,0.6239537087843567,clone_id
127,Kymouse 3,0.8,87545.1,Kymouse,11.005218855575283,70919,0.708534942884222,clone_id
128,Kymouse 3,0.9,87545.0,Kymouse,11.104879566048675,79251,0.7915797874993765,clone_id
129,Kymouse 3,1.0,87545.0,Kymouse,11.195115919518177,87545,0.8733975158377812,clone_id
130,Kymouse 4,0.1,50954.822138777236,Kymouse,8.546737659660792,5267,0.09704205340173085,clone_id
131,Kymouse 4,0.2,49462.164932398955,Kymouse,9.205920163764905,10372,0.19102098056944625,clone_id
132,Kymouse 4,0.3,48982.69698511052,Kymouse,9.586173101476804,15331,0.2831731035373572,clone_id
133,Kymouse 4,0.4,48859.174175239445,Kymouse,9.853761493387054,20299,0.3741996198771059,clone_id
134,Kymouse 4,0.5,48834.087189478814,Kymouse,10.058702594639268,25132,0.46459874891591163,clone_id
135,Kymouse 4,0.6,48808.96899224806,Kymouse,10.226263678998464,29995,0.5527651172660676,clone_id
136,Kymouse 4,0.7,48810.524590163935,Kymouse,10.36527611286326,34792,0.6418172088646135,clone_id
137,Kymouse 4,0.8,48810.0,Kymouse,10.485288931591759,39498,0.7275847434170465,clone_id
138,Kymouse 4,0.9,48810.0,Kymouse,10.589704478682304,44167,0.8154005129813814,clone_id
139,Kymouse 4,1.0,48810.0,Kymouse,10.683159760176208,48810,0.9006698282065949,clone_id
140,Kymouse 5,0.1,30403.846128059,Kymouse,8.052530715249745,3155,0.09916940918351355,clone_id
141,Kymouse 5,0.2,30041.757856245,Kymouse,8.732246071066523,6269,0.19611346183983702,clone_id
142,Kymouse 5,0.3,29849.86927909064,Kymouse,9.124702907030915,9313,0.2910829023664003,clone_id
143,Kymouse 5,0.4,29798.333479789104,Kymouse,9.400240861504443,12293,0.3861463720419997,clone_id
144,Kymouse 5,0.5,29769.210464201416,Kymouse,9.611397956489936,15306,0.47926657263751765,clone_id
145,Kymouse 5,0.6,29767.868600682596,Kymouse,9.784571094603146,18230,0.5727942328788591,clone_id
146,Kymouse 5,0.7,29767.05,Kymouse,9.928488907595774,21189,0.6644099670897978,clone_id
147,Kymouse 5,0.8,29767.0,Kymouse,10.053704962077415,24029,0.7538316878232252,clone_id
148,Kymouse 5,0.9,29767.0,Kymouse,10.161350896026732,26926,0.8448205610405892,clone_id
149,Kymouse 5,1.0,29767.0,Kymouse,10.25851964502001,29767,0.9329885597868672,clone_id
150,Kymouse 6,0.1,70717.27074880118,Kymouse,8.863987221705111,7459,0.09542964410221047,clone_id
151,Kymouse 6,0.2,69440.65640615631,Kymouse,9.512382431622976,14764,0.18755187781736454,clone_id
152,Kymouse 6,0.3,69059.69747397733,Kymouse,9.889325533656116,21798,0.27765646349717144,clone_id
153,Kymouse 6,0.4,68901.93570057582,Kymouse,10.148908565245183,28829,0.3672885619788275,clone_id
154,Kymouse 6,0.5,68855.69876760563,Kymouse,10.350585508351022,35656,0.45597568606418165,clone_id
155,Kymouse 6,0.6,68842.98076923077,Kymouse,10.51352226408669,42407,0.542657932038463,clone_id
156,Kymouse 6,0.7,68844.16025641025,Kymouse,10.648762641118752,49105,0.6278460968726456,clone_id
157,Kymouse 6,0.8,68845.0,Kymouse,10.767589664896382,55770,0.7122042166289954,clone_id
158,Kymouse 6,0.9,68845.0,Kymouse,10.868861114638204,62319,0.7967155754766374,clone_id
159,Kymouse 6,1.0,68845.0,Kymouse,10.959103192681628,68845,0.8791454366675605,clone_id
160,Kymouse 7,0.1,54200.576798936774,Kymouse,8.629562568763589,5640,0.09849130805505768,clone_id
161,Kymouse 7,0.2,53396.42294924992,Kymouse,9.303780049174023,11159,0.194424626307272,clone_id
162,Kymouse 7,0.3,52953.632016720694,Kymouse,9.69178635808214,16554,0.28846120382132356,clone_id
163,Kymouse 7,0.4,52873.479384816754,Kymouse,9.964472102240949,21923,0.3812274870795413,clone_id
164,Kymouse 7,0.5,52816.3732892874,Kymouse,10.174113608657052,27260,0.47416778324951714,clone_id
165,Kymouse 7,0.6,52813.91081081081,Kymouse,10.34374576195518,32475,0.5643934779960673,clone_id
166,Kymouse 7,0.7,52812.07142857143,Kymouse,10.487080399986258,37582,0.6537839107661788,clone_id
167,Kymouse 7,0.8,52812.0,Kymouse,10.608438365751486,42735,0.7434875667774549,clone_id
168,Kymouse 7,0.9,52812.0,Kymouse,10.71481558726748,47789,0.8319383298240729,clone_id
169,Kymouse 7,1.0,52812.0,Kymouse,10.810377751871068,52812,0.9189969895766266,clone_id
170,Mouse 1,0.1,83034.72355665329,Mouse,9.059282501062789,8614,0.09914288340456823,clone_id
171,Mouse 1,0.2,81949.85065797935,Mouse,9.740310117285857,17117,0.19661978951238568,clone_id
172,Mouse 1,0.3,81004.17127226037,Mouse,10.134169182407671,25492,0.2929362562617767,clone_id
173,Mouse 1,0.4,80872.00287356322,Mouse,10.411315523687414,33715,0.3874603612298359,clone_id
174,Mouse 1,0.5,80820.91146761735,Mouse,10.62399003218951,41803,0.4808125373408704,clone_id
175,Mouse 1,0.6,80803.47255369928,Mouse,10.795847003582498,49870,0.5724412886621628,clone_id
176,Mouse 1,0.7,80803.4854368932,Mouse,10.939367727706525,57742,0.663127901098396,clone_id
177,Mouse 1,0.8,80803.05555555556,Mouse,11.06305790349484,65436,0.7532055701089204,clone_id
178,Mouse 1,0.9,80803.0,Mouse,11.170907920643021,73214,0.8412381083689507,clone_id
179,Mouse 1,1.0,80803.0,Mouse,11.266724923760057,80803,0.9283859552369135,clone_id
180,Mouse 2,0.1,41085.989816194735,Mouse,8.37033509642001,4339,0.09925286174515045,clone_id
181,Mouse 2,0.2,40119.583915782205,Mouse,9.050016171152517,8585,0.1963351383462426,clone_id
182,Mouse 2,0.3,40058.78644323321,Mouse,9.442256705733067,12753,0.29122398153860213,clone_id
183,Mouse 2,0.4,39926.80950205573,Mouse,9.717775998335298,16828,0.38426211529234355,clone_id
184,Mouse 2,0.5,39885.1953125,Mouse,9.928529602446241,20853,0.47748303516347934,clone_id
185,Mouse 2,0.6,39876.55113636364,Mouse,10.097281766889308,24805,0.566705508716613,clone_id
186,Mouse 2,0.7,39877.08823529412,Mouse,10.239114819592707,28698,0.6556309548289807,clone_id
187,Mouse 2,0.8,39877.0,Mouse,10.360456560619276,32456,0.7420202435625014,clone_id
188,Mouse 2,0.9,39877.0,Mouse,10.465477373684745,36231,0.8267187607101241,clone_id
189,Mouse 2,1.0,39877.0,Mouse,10.558796698835632,39877,0.9111202504169809,clone_id
190,Mouse 3,0.1,64058.40585474505,Mouse,8.79654326990954,6634,0.0990686618928737,clone_id
191,Mouse 3,0.2,62696.08201521537,Mouse,9.478277387200434,13174,0.1963284648617942,clone_id
192,Mouse 3,0.3,62144.62631386861,Mouse,9.873110242180413,19559,0.2937676587983795,clone_id
193,Mouse 3,0.4,62072.29109052032,Mouse,10.149058338052381,25942,0.38769377961819623,clone_id
194,Mouse 3,0.5,62076.069061876246,Mouse,10.36233483104456,32209,0.48094718430927,clone_id
195,Mouse 3,0.6,62065.53924914676,Mouse,10.535442966032132,38293,0.5727355627644148,clone_id
196,Mouse 3,0.7,62060.14367816092,Mouse,10.67872371920822,44331,0.6636718341231519,clone_id
197,Mouse 3,0.8,62061.0,Mouse,10.802323161655377,50378,0.7525002616118278,clone_id
198,Mouse 3,0.9,62061.0,Mouse,10.909852655059053,56226,0.8409400086705634,clone_id
199,Mouse 3,1.0,62061.0,Mouse,11.005305982953512,62061,0.927765237020316,clone_id
200,Mouse 4,0.1,18780.977365694027,Mouse,7.589965602319898,1985,0.09917107759912114,clone_id
201,Mouse 4,0.2,18523.10018975332,Mouse,8.27019380546953,3923,0.19669429741336264,clone_id
202,Mouse 4,0.3,18392.544020356236,Mouse,8.664804433175537,5851,0.2909717367422351,clone_id
203,Mouse 4,0.4,18345.632577624445,Mouse,8.939273339680266,7735,0.3844502147208629,clone_id
204,Mouse 4,0.5,18325.33950617284,Mouse,9.148863776999905,9557,0.4768301208429042,clone_id
205,Mouse 4,0.6,18327.193370165747,Mouse,9.321486496781434,11381,0.5681114551083591,clone_id
206,Mouse 4,0.7,18327.071428571428,Mouse,9.462329228691738,13142,0.6584939578547888,clone_id
207,Mouse 4,0.8,18327.25,Mouse,9.583377484312246,14923,0.7451313292719465,clone_id
208,Mouse 4,0.9,18327.0,Mouse,9.69069840891422,16652,0.8294716868071507,clone_id
209,Mouse 4,1.0,18327.0,Mouse,9.783875865020844,18327,0.9151602916208929,clone_id
210,Mouse 5,0.1,47799.26666666666,Mouse,8.517039766071653,5026,0.09921867273266739,clone_id
211,Mouse 5,0.2,47356.48537927041,Mouse,9.199277957392367,9960,0.19693403224211256,clone_id
212,Mouse 5,0.3,47198.27290170225,Mouse,9.594234048128644,14805,0.29336366333695973,clone_id
213,Mouse 5,0.4,46973.1062137376,Mouse,9.871708066619384,19600,0.38781525071704087,clone_id
214,Mouse 5,0.5,46981.47556584362,Mouse,10.084648364106057,24295,0.48155474235980616,clone_id
215,Mouse 5,0.6,46968.59768907563,Mouse,10.256187328965948,28997,0.5733755315992484,clone_id
216,Mouse 5,0.7,46966.109589041094,Mouse,10.400956014863754,33606,0.6646622490357037,clone_id
217,Mouse 5,0.8,46966.0,Mouse,10.524064977042462,38086,0.7542874097517556,clone_id
218,Mouse 5,0.9,46966.0,Mouse,10.632727161274763,42558,0.8420927702502226,clone_id
219,Mouse 5,1.0,46966.0,Mouse,10.72810792786176,46966,0.9290080110770448,clone_id
